url	keyword	hit_count
https://docs.onocoy.com/documentation	community	3
https://docs.onocoy.com/documentation	wallet	1
https://docs.onocoy.com/documentation	governance	3
https://docs.onocoy.com/documentation/why-gnss-matters	community	1
https://docs.onocoy.com/documentation/why-gnss-matters	unlock	1
https://docs.onocoy.com/documentation/why-gnss-matters	wallet	1
https://docs.onocoy.com/documentation/why-gnss-matters	governance	1
https://docs.onocoy.com/documentation/mission-and-vision	community	3
https://docs.onocoy.com/documentation/mission-and-vision	wallet	1
https://docs.onocoy.com/documentation/mission-and-vision	governance	2
https://docs.onocoy.com/documentation/2.-how-it-works-depin-+-gnss/depin-for-gnss	ecosystem	1
https://docs.onocoy.com/documentation/2.-how-it-works-depin-+-gnss/depin-for-gnss	community	4
https://docs.onocoy.com/documentation/2.-how-it-works-depin-+-gnss/depin-for-gnss	wallet	1
https://docs.onocoy.com/documentation/2.-how-it-works-depin-+-gnss/depin-for-gnss	governance	2
https://docs.onocoy.com/documentation/decentralizing-correction-data	ecosystem	1
https://docs.onocoy.com/documentation/decentralizing-correction-data	community	4
https://docs.onocoy.com/documentation/decentralizing-correction-data	wallet	1
https://docs.onocoy.com/documentation/decentralizing-correction-data	governance	4
https://docs.onocoy.com/documentation/benefits-for-users-and-miners	ecosystem	1
https://docs.onocoy.com/documentation/benefits-for-users-and-miners	community	2
https://docs.onocoy.com/documentation/benefits-for-users-and-miners	wallet	1
https://docs.onocoy.com/documentation/benefits-for-users-and-miners	governance	1
https://docs.onocoy.com/documentation/benefits-for-users-and-miners	streams	2
https://docs.onocoy.com/documentation/benefits-for-users-and-miners	revenue	1
https://docs.onocoy.com/documentation/3.-become-a-miner/1.-get-a-station	community	1
https://docs.onocoy.com/documentation/3.-become-a-miner/1.-get-a-station	wallet	1
https://docs.onocoy.com/documentation/3.-become-a-miner/1.-get-a-station	governance	1
https://docs.onocoy.com/documentation/3.-become-a-miner/2.-install-your-station	community	1
https://docs.onocoy.com/documentation/3.-become-a-miner/2.-install-your-station	wallet	2
https://docs.onocoy.com/documentation/3.-become-a-miner/2.-install-your-station	governance	1
https://docs.onocoy.com/documentation/3.-become-a-miner/create-and-connect-a-wallet	community	1
https://docs.onocoy.com/documentation/3.-become-a-miner/create-and-connect-a-wallet	wallet	10
https://docs.onocoy.com/documentation/3.-become-a-miner/create-and-connect-a-wallet	address	1
https://docs.onocoy.com/documentation/3.-become-a-miner/create-and-connect-a-wallet	governance	1
https://docs.onocoy.com/documentation/3.-become-a-miner/3.-connect-your-station-to-onocoy	community	1
https://docs.onocoy.com/documentation/3.-become-a-miner/3.-connect-your-station-to-onocoy	wallet	2
https://docs.onocoy.com/documentation/3.-become-a-miner/3.-connect-your-station-to-onocoy	address	1
https://docs.onocoy.com/documentation/3.-become-a-miner/3.-connect-your-station-to-onocoy	governance	1
https://docs.onocoy.com/documentation/3.-become-a-miner/4.-receive-rewards	community	1
https://docs.onocoy.com/documentation/3.-become-a-miner/4.-receive-rewards	wallet	18
https://docs.onocoy.com/documentation/3.-become-a-miner/4.-receive-rewards	governance	1
https://docs.onocoy.com/documentation/3.-become-a-miner/data-validation	community	1
https://docs.onocoy.com/documentation/3.-become-a-miner/data-validation	wallet	1
https://docs.onocoy.com/documentation/3.-become-a-miner/data-validation	governance	1
https://docs.onocoy.com/documentation/explorer	community	1
https://docs.onocoy.com/documentation/explorer	wallet	1
https://docs.onocoy.com/documentation/explorer	governance	1
https://docs.onocoy.com/documentation/explorer	quality scale	1
https://docs.onocoy.com/documentation/4.-get-gnss-corrections/getting-data-credits	community	1
https://docs.onocoy.com/documentation/4.-get-gnss-corrections/getting-data-credits	wallet	1
https://docs.onocoy.com/documentation/4.-get-gnss-corrections/getting-data-credits	governance	1
https://docs.onocoy.com/documentation/4.-get-gnss-corrections/setting-of-the-credentials	community	1
https://docs.onocoy.com/documentation/4.-get-gnss-corrections/setting-of-the-credentials	wallet	1
https://docs.onocoy.com/documentation/4.-get-gnss-corrections/setting-of-the-credentials	governance	1
https://docs.onocoy.com/documentation/4.-get-gnss-corrections/configure-the-gnss-receiver	community	1
https://docs.onocoy.com/documentation/4.-get-gnss-corrections/configure-the-gnss-receiver	wallet	1
https://docs.onocoy.com/documentation/4.-get-gnss-corrections/configure-the-gnss-receiver	governance	1
https://docs.onocoy.com/documentation/service-levels	community	1
https://docs.onocoy.com/documentation/service-levels	wallet	1
https://docs.onocoy.com/documentation/service-levels	governance	1
https://docs.onocoy.com/documentation/tokenomics	token allocation	1
https://docs.onocoy.com/documentation/tokenomics	allocation	2
https://docs.onocoy.com/documentation/tokenomics	team	2
https://docs.onocoy.com/documentation/tokenomics	ecosystem	7
https://docs.onocoy.com/documentation/tokenomics	community	2
https://docs.onocoy.com/documentation/tokenomics	investors	1
https://docs.onocoy.com/documentation/tokenomics	market making	1
https://docs.onocoy.com/documentation/tokenomics	vesting	5
https://docs.onocoy.com/documentation/tokenomics	burn	10
https://docs.onocoy.com/documentation/tokenomics	wallet	1
https://docs.onocoy.com/documentation/tokenomics	governance	5
https://docs.onocoy.com/documentation/tokenomics	vote	1
https://docs.onocoy.com/documentation/tokenomics	streams	2
https://docs.onocoy.com/documentation/tokenomics	revenue	4
https://docs.onocoy.com/documentation/trading-usdono	community	1
https://docs.onocoy.com/documentation/trading-usdono	wallet	3
https://docs.onocoy.com/documentation/trading-usdono	address	4
https://docs.onocoy.com/documentation/trading-usdono	governance	1
https://docs.onocoy.com/documentation/mining-rewards-breakdown	community	2
https://docs.onocoy.com/documentation/mining-rewards-breakdown	wallet	1
https://docs.onocoy.com/documentation/mining-rewards-breakdown	governance	1
https://docs.onocoy.com/documentation/mining-rewards-breakdown	location scale	2
https://docs.onocoy.com/documentation/mining-rewards-breakdown	quality scale	3
https://docs.onocoy.com/documentation/mining-rewards-breakdown	availability scale	2
https://docs.onocoy.com/documentation/mining-rewards-breakdown	streak	3
https://docs.onocoy.com/documentation/mining-rewards-breakdown	hva	1
https://docs.onocoy.com/documentation/bonus-programs	ecosystem	1
https://docs.onocoy.com/documentation/bonus-programs	community	1
https://docs.onocoy.com/documentation/bonus-programs	wallet	1
https://docs.onocoy.com/documentation/bonus-programs	governance	1
https://docs.onocoy.com/documentation/bonus-programs	location scale	1
https://docs.onocoy.com/documentation/bonus-programs	streak	3
https://docs.onocoy.com/documentation/bonus-programs	hva	1
https://docs.onocoy.com/documentation/swapping-bono-to-ono	community	1
https://docs.onocoy.com/documentation/swapping-bono-to-ono	unlock	10
https://docs.onocoy.com/documentation/swapping-bono-to-ono	burn	2
https://docs.onocoy.com/documentation/swapping-bono-to-ono	wallet	4
https://docs.onocoy.com/documentation/swapping-bono-to-ono	governance	1
https://docs.onocoy.com/documentation/swapping-bono-to-ono	hva	1
https://docs.onocoy.com/documentation/claim-presale-on-pinksale	community	1
https://docs.onocoy.com/documentation/claim-presale-on-pinksale	vesting	2
https://docs.onocoy.com/documentation/claim-presale-on-pinksale	unlock	4
https://docs.onocoy.com/documentation/claim-presale-on-pinksale	wallet	10
https://docs.onocoy.com/documentation/claim-presale-on-pinksale	address	1
https://docs.onocoy.com/documentation/claim-presale-on-pinksale	governance	1
https://docs.onocoy.com/documentation/6.-how-to-contribute./partners	community	1
https://docs.onocoy.com/documentation/6.-how-to-contribute./partners	wallet	1
https://docs.onocoy.com/documentation/6.-how-to-contribute./partners	governance	1
https://docs.onocoy.com/documentation/ambassador-program	team	2
https://docs.onocoy.com/documentation/ambassador-program	ecosystem	1
https://docs.onocoy.com/documentation/ambassador-program	community	9
https://docs.onocoy.com/documentation/ambassador-program	wallet	1
https://docs.onocoy.com/documentation/ambassador-program	governance	1
https://docs.onocoy.com/documentation/ambassador-program	active users	1
https://docs.onocoy.com/documentation/7.-governance-and-community/dao-and-voting	ecosystem	1
https://docs.onocoy.com/documentation/7.-governance-and-community/dao-and-voting	community	2
https://docs.onocoy.com/documentation/7.-governance-and-community/dao-and-voting	wallet	1
https://docs.onocoy.com/documentation/7.-governance-and-community/dao-and-voting	governance	16
https://docs.onocoy.com/documentation/7.-governance-and-community/dao-and-voting	proposal	4
https://docs.onocoy.com/documentation/7.-governance-and-community/dao-and-voting	vote	7
https://docs.onocoy.com/documentation/8.-faq-troubleshooting/frequently-asked-questions	team	1
https://docs.onocoy.com/documentation/8.-faq-troubleshooting/frequently-asked-questions	community	1
https://docs.onocoy.com/documentation/8.-faq-troubleshooting/frequently-asked-questions	burn	1
https://docs.onocoy.com/documentation/8.-faq-troubleshooting/frequently-asked-questions	wallet	6
https://docs.onocoy.com/documentation/8.-faq-troubleshooting/frequently-asked-questions	address	4
https://docs.onocoy.com/documentation/8.-faq-troubleshooting/frequently-asked-questions	governance	2
https://docs.onocoy.com/documentation/8.-faq-troubleshooting/frequently-asked-questions	location scale	8
https://docs.onocoy.com/documentation/8.-faq-troubleshooting/frequently-asked-questions	quality scale	2
https://docs.onocoy.com/documentation/8.-faq-troubleshooting/frequently-asked-questions	availability scale	2
https://docs.onocoy.com/documentation/8.-faq-troubleshooting/frequently-asked-questions	streams	18
https://docs.onocoy.com/documentation/support-contact	team	1
https://docs.onocoy.com/documentation/support-contact	community	1
https://docs.onocoy.com/documentation/support-contact	wallet	1
https://docs.onocoy.com/documentation/support-contact	governance	1
https://docs.onocoy.com/documentation/glossary	team	1
https://docs.onocoy.com/documentation/glossary	ecosystem	1
https://docs.onocoy.com/documentation/glossary	community	3
https://docs.onocoy.com/documentation/glossary	wallet	1
https://docs.onocoy.com/documentation/glossary	governance	5
https://docs.onocoy.com/documentation/glossary	location scale	1
https://docs.onocoy.com/documentation/glossary	quality scale	1
https://docs.onocoy.com/documentation/glossary	availability scale	1
https://docs.onocoy.com/documentation/glossary	streams	3
https://docs.onocoy.com/documentation/glossary	revenue	1
https://docs.onocoy.com/documentation/1.-introduction	community	3
https://docs.onocoy.com/documentation/1.-introduction	wallet	1
https://docs.onocoy.com/documentation/1.-introduction	governance	3
https://docs.onocoy.com/documentation/2.-how-it-works-depin-+-gnss	ecosystem	1
https://docs.onocoy.com/documentation/2.-how-it-works-depin-+-gnss	community	4
https://docs.onocoy.com/documentation/2.-how-it-works-depin-+-gnss	wallet	1
https://docs.onocoy.com/documentation/2.-how-it-works-depin-+-gnss	governance	2
https://docs.onocoy.com/documentation/3.-become-a-miner	community	1
https://docs.onocoy.com/documentation/3.-become-a-miner	wallet	1
https://docs.onocoy.com/documentation/3.-become-a-miner	governance	1
https://docs.onocoy.com/documentation/3.-become-a-miner/3.-connect-your-station-to-onocoy#create-credentials-for-your-device	community	1
https://docs.onocoy.com/documentation/3.-become-a-miner/3.-connect-your-station-to-onocoy#create-credentials-for-your-device	wallet	2
https://docs.onocoy.com/documentation/3.-become-a-miner/3.-connect-your-station-to-onocoy#create-credentials-for-your-device	address	1
https://docs.onocoy.com/documentation/3.-become-a-miner/3.-connect-your-station-to-onocoy#create-credentials-for-your-device	governance	1
https://docs.onocoy.com/documentation/explorer/sky-map	community	1
https://docs.onocoy.com/documentation/explorer/sky-map	wallet	1
https://docs.onocoy.com/documentation/explorer/sky-map	governance	1
https://docs.onocoy.com/documentation/8.-faq-troubleshooting/frequently-asked-questions#i-have-privacy-concerns.-is-the-precise-location-of-my-device-antenna-disclosed	team	1
https://docs.onocoy.com/documentation/8.-faq-troubleshooting/frequently-asked-questions#i-have-privacy-concerns.-is-the-precise-location-of-my-device-antenna-disclosed	community	1
https://docs.onocoy.com/documentation/8.-faq-troubleshooting/frequently-asked-questions#i-have-privacy-concerns.-is-the-precise-location-of-my-device-antenna-disclosed	burn	1
https://docs.onocoy.com/documentation/8.-faq-troubleshooting/frequently-asked-questions#i-have-privacy-concerns.-is-the-precise-location-of-my-device-antenna-disclosed	wallet	6
https://docs.onocoy.com/documentation/8.-faq-troubleshooting/frequently-asked-questions#i-have-privacy-concerns.-is-the-precise-location-of-my-device-antenna-disclosed	address	4
https://docs.onocoy.com/documentation/8.-faq-troubleshooting/frequently-asked-questions#i-have-privacy-concerns.-is-the-precise-location-of-my-device-antenna-disclosed	governance	2
https://docs.onocoy.com/documentation/8.-faq-troubleshooting/frequently-asked-questions#i-have-privacy-concerns.-is-the-precise-location-of-my-device-antenna-disclosed	location scale	8
https://docs.onocoy.com/documentation/8.-faq-troubleshooting/frequently-asked-questions#i-have-privacy-concerns.-is-the-precise-location-of-my-device-antenna-disclosed	quality scale	2
https://docs.onocoy.com/documentation/8.-faq-troubleshooting/frequently-asked-questions#i-have-privacy-concerns.-is-the-precise-location-of-my-device-antenna-disclosed	availability scale	2
https://docs.onocoy.com/documentation/8.-faq-troubleshooting/frequently-asked-questions#i-have-privacy-concerns.-is-the-precise-location-of-my-device-antenna-disclosed	streams	18
https://docs.onocoy.com/documentation/4.-get-gnss-corrections	community	1
https://docs.onocoy.com/documentation/4.-get-gnss-corrections	wallet	1
https://docs.onocoy.com/documentation/4.-get-gnss-corrections	governance	1
https://docs.onocoy.com/documentation/8.-faq-troubleshooting/frequently-asked-questions/explaining-datum-shifts#new-feature-select-a-reference-frame	community	1
https://docs.onocoy.com/documentation/8.-faq-troubleshooting/frequently-asked-questions/explaining-datum-shifts#new-feature-select-a-reference-frame	wallet	1
https://docs.onocoy.com/documentation/8.-faq-troubleshooting/frequently-asked-questions/explaining-datum-shifts#new-feature-select-a-reference-frame	governance	1
https://docs.onocoy.com/documentation/8.-faq-troubleshooting/frequently-asked-questions/explaining-datum-shifts#new-feature-select-a-reference-frame	streams	1
https://docs.onocoy.com/documentation/mining-rewards-breakdown/quality-scale	community	1
https://docs.onocoy.com/documentation/mining-rewards-breakdown/quality-scale	wallet	1
https://docs.onocoy.com/documentation/mining-rewards-breakdown/quality-scale	governance	1
https://docs.onocoy.com/documentation/mining-rewards-breakdown/quality-scale	location scale	2
https://docs.onocoy.com/documentation/mining-rewards-breakdown/quality-scale	quality scale	10
https://docs.onocoy.com/documentation/mining-rewards-breakdown/quality-scale	availability scale	3
https://docs.onocoy.com/documentation/mining-rewards-breakdown/availability-scale	community	1
https://docs.onocoy.com/documentation/mining-rewards-breakdown/availability-scale	wallet	1
https://docs.onocoy.com/documentation/mining-rewards-breakdown/availability-scale	governance	1
https://docs.onocoy.com/documentation/mining-rewards-breakdown/availability-scale	location scale	2
https://docs.onocoy.com/documentation/mining-rewards-breakdown/availability-scale	quality scale	2
https://docs.onocoy.com/documentation/mining-rewards-breakdown/availability-scale	availability scale	6
https://docs.onocoy.com/documentation/mining-rewards-breakdown/location-scale	community	1
https://docs.onocoy.com/documentation/mining-rewards-breakdown/location-scale	wallet	1
https://docs.onocoy.com/documentation/mining-rewards-breakdown/location-scale	governance	1
https://docs.onocoy.com/documentation/mining-rewards-breakdown/location-scale	location scale	14
https://docs.onocoy.com/documentation/mining-rewards-breakdown/location-scale	quality scale	1
https://docs.onocoy.com/documentation/mining-rewards-breakdown/location-scale	availability scale	2
https://docs.onocoy.com/documentation/mining-rewards-breakdown/location-scale	streams	1
https://docs.onocoy.com/documentation/bonus-programs/streak-appreciation	community	1
https://docs.onocoy.com/documentation/bonus-programs/streak-appreciation	wallet	1
https://docs.onocoy.com/documentation/bonus-programs/streak-appreciation	governance	1
https://docs.onocoy.com/documentation/bonus-programs/streak-appreciation	quality scale	1
https://docs.onocoy.com/documentation/bonus-programs/streak-appreciation	availability scale	1
https://docs.onocoy.com/documentation/bonus-programs/streak-appreciation	streak	16
https://docs.onocoy.com/documentation/bonus-programs/streak-appreciation	hva	2
https://docs.onocoy.com/documentation/bonus-programs/high-value-areas-hva	community	2
https://docs.onocoy.com/documentation/bonus-programs/high-value-areas-hva	wallet	1
https://docs.onocoy.com/documentation/bonus-programs/high-value-areas-hva	governance	1
https://docs.onocoy.com/documentation/bonus-programs/high-value-areas-hva	streak	11
https://docs.onocoy.com/documentation/bonus-programs/high-value-areas-hva	hva	21
https://docs.onocoy.com/documentation/6.-how-to-contribute.	community	1
https://docs.onocoy.com/documentation/6.-how-to-contribute.	wallet	1
https://docs.onocoy.com/documentation/6.-how-to-contribute.	governance	1
https://docs.onocoy.com/documentation/7.-governance-and-community	ecosystem	1
https://docs.onocoy.com/documentation/7.-governance-and-community	community	2
https://docs.onocoy.com/documentation/7.-governance-and-community	wallet	1
https://docs.onocoy.com/documentation/7.-governance-and-community	governance	16
https://docs.onocoy.com/documentation/7.-governance-and-community	proposal	4
https://docs.onocoy.com/documentation/7.-governance-and-community	vote	7
https://docs.onocoy.com/documentation/8.-faq-troubleshooting/frequently-asked-questions/explaining-datum-shifts	community	1
https://docs.onocoy.com/documentation/8.-faq-troubleshooting/frequently-asked-questions/explaining-datum-shifts	wallet	1
https://docs.onocoy.com/documentation/8.-faq-troubleshooting/frequently-asked-questions/explaining-datum-shifts	governance	1
https://docs.onocoy.com/documentation/8.-faq-troubleshooting/frequently-asked-questions/explaining-datum-shifts	streams	1
https://docs.onocoy.com/documentation/8.-faq-troubleshooting/frequently-asked-questions/ephemeris-rtcm-stream	community	1
https://docs.onocoy.com/documentation/8.-faq-troubleshooting/frequently-asked-questions/ephemeris-rtcm-stream	wallet	1
https://docs.onocoy.com/documentation/8.-faq-troubleshooting/frequently-asked-questions/ephemeris-rtcm-stream	governance	1
https://docs.onocoy.com/documentation/8.-faq-troubleshooting/frequently-asked-questions/ephemeris-rtcm-stream	streams	1
https://docs.onocoy.com/documentation/8.-faq-troubleshooting	team	1
https://docs.onocoy.com/documentation/8.-faq-troubleshooting	community	1
https://docs.onocoy.com/documentation/8.-faq-troubleshooting	burn	1
https://docs.onocoy.com/documentation/8.-faq-troubleshooting	wallet	6
https://docs.onocoy.com/documentation/8.-faq-troubleshooting	address	4
https://docs.onocoy.com/documentation/8.-faq-troubleshooting	governance	2
https://docs.onocoy.com/documentation/8.-faq-troubleshooting	location scale	8
https://docs.onocoy.com/documentation/8.-faq-troubleshooting	quality scale	2
https://docs.onocoy.com/documentation/8.-faq-troubleshooting	availability scale	2
https://docs.onocoy.com/documentation/8.-faq-troubleshooting	streams	18
https://docs.onocoy.com/documentation/8.-faq-troubleshooting/frequently-asked-questions#which-equipment-can-i-use-to-set-up-a-station	team	1
https://docs.onocoy.com/documentation/8.-faq-troubleshooting/frequently-asked-questions#which-equipment-can-i-use-to-set-up-a-station	community	1
https://docs.onocoy.com/documentation/8.-faq-troubleshooting/frequently-asked-questions#which-equipment-can-i-use-to-set-up-a-station	burn	1
https://docs.onocoy.com/documentation/8.-faq-troubleshooting/frequently-asked-questions#which-equipment-can-i-use-to-set-up-a-station	wallet	6
https://docs.onocoy.com/documentation/8.-faq-troubleshooting/frequently-asked-questions#which-equipment-can-i-use-to-set-up-a-station	address	4
https://docs.onocoy.com/documentation/8.-faq-troubleshooting/frequently-asked-questions#which-equipment-can-i-use-to-set-up-a-station	governance	2
https://docs.onocoy.com/documentation/8.-faq-troubleshooting/frequently-asked-questions#which-equipment-can-i-use-to-set-up-a-station	location scale	8
https://docs.onocoy.com/documentation/8.-faq-troubleshooting/frequently-asked-questions#which-equipment-can-i-use-to-set-up-a-station	quality scale	2
https://docs.onocoy.com/documentation/8.-faq-troubleshooting/frequently-asked-questions#which-equipment-can-i-use-to-set-up-a-station	availability scale	2
https://docs.onocoy.com/documentation/8.-faq-troubleshooting/frequently-asked-questions#which-equipment-can-i-use-to-set-up-a-station	streams	18
https://docs.onocoy.com/documentation/8.-faq-troubleshooting/frequently-asked-questions#where-shall-i-put-my-antenna	team	1
https://docs.onocoy.com/documentation/8.-faq-troubleshooting/frequently-asked-questions#where-shall-i-put-my-antenna	community	1
https://docs.onocoy.com/documentation/8.-faq-troubleshooting/frequently-asked-questions#where-shall-i-put-my-antenna	burn	1
https://docs.onocoy.com/documentation/8.-faq-troubleshooting/frequently-asked-questions#where-shall-i-put-my-antenna	wallet	6
https://docs.onocoy.com/documentation/8.-faq-troubleshooting/frequently-asked-questions#where-shall-i-put-my-antenna	address	4
https://docs.onocoy.com/documentation/8.-faq-troubleshooting/frequently-asked-questions#where-shall-i-put-my-antenna	governance	2
https://docs.onocoy.com/documentation/8.-faq-troubleshooting/frequently-asked-questions#where-shall-i-put-my-antenna	location scale	8
https://docs.onocoy.com/documentation/8.-faq-troubleshooting/frequently-asked-questions#where-shall-i-put-my-antenna	quality scale	2
https://docs.onocoy.com/documentation/8.-faq-troubleshooting/frequently-asked-questions#where-shall-i-put-my-antenna	availability scale	2
https://docs.onocoy.com/documentation/8.-faq-troubleshooting/frequently-asked-questions#where-shall-i-put-my-antenna	streams	18
https://docs.onocoy.com/documentation/8.-faq-troubleshooting/frequently-asked-questions#what-do-i-need-to-connect-my-device-do-i-need-wifi	team	1
https://docs.onocoy.com/documentation/8.-faq-troubleshooting/frequently-asked-questions#what-do-i-need-to-connect-my-device-do-i-need-wifi	community	1
https://docs.onocoy.com/documentation/8.-faq-troubleshooting/frequently-asked-questions#what-do-i-need-to-connect-my-device-do-i-need-wifi	burn	1
https://docs.onocoy.com/documentation/8.-faq-troubleshooting/frequently-asked-questions#what-do-i-need-to-connect-my-device-do-i-need-wifi	wallet	6
https://docs.onocoy.com/documentation/8.-faq-troubleshooting/frequently-asked-questions#what-do-i-need-to-connect-my-device-do-i-need-wifi	address	4
https://docs.onocoy.com/documentation/8.-faq-troubleshooting/frequently-asked-questions#what-do-i-need-to-connect-my-device-do-i-need-wifi	governance	2
https://docs.onocoy.com/documentation/8.-faq-troubleshooting/frequently-asked-questions#what-do-i-need-to-connect-my-device-do-i-need-wifi	location scale	8
https://docs.onocoy.com/documentation/8.-faq-troubleshooting/frequently-asked-questions#what-do-i-need-to-connect-my-device-do-i-need-wifi	quality scale	2
https://docs.onocoy.com/documentation/8.-faq-troubleshooting/frequently-asked-questions#what-do-i-need-to-connect-my-device-do-i-need-wifi	availability scale	2
https://docs.onocoy.com/documentation/8.-faq-troubleshooting/frequently-asked-questions#what-do-i-need-to-connect-my-device-do-i-need-wifi	streams	18
https://docs.onocoy.com/documentation/8.-faq-troubleshooting/frequently-asked-questions#what-happens-if-i-want-to-change-the-location-of-my-station-antenna-receiver	team	1
https://docs.onocoy.com/documentation/8.-faq-troubleshooting/frequently-asked-questions#what-happens-if-i-want-to-change-the-location-of-my-station-antenna-receiver	community	1
https://docs.onocoy.com/documentation/8.-faq-troubleshooting/frequently-asked-questions#what-happens-if-i-want-to-change-the-location-of-my-station-antenna-receiver	burn	1
https://docs.onocoy.com/documentation/8.-faq-troubleshooting/frequently-asked-questions#what-happens-if-i-want-to-change-the-location-of-my-station-antenna-receiver	wallet	6
https://docs.onocoy.com/documentation/8.-faq-troubleshooting/frequently-asked-questions#what-happens-if-i-want-to-change-the-location-of-my-station-antenna-receiver	address	4
https://docs.onocoy.com/documentation/8.-faq-troubleshooting/frequently-asked-questions#what-happens-if-i-want-to-change-the-location-of-my-station-antenna-receiver	governance	2
https://docs.onocoy.com/documentation/8.-faq-troubleshooting/frequently-asked-questions#what-happens-if-i-want-to-change-the-location-of-my-station-antenna-receiver	location scale	8
https://docs.onocoy.com/documentation/8.-faq-troubleshooting/frequently-asked-questions#what-happens-if-i-want-to-change-the-location-of-my-station-antenna-receiver	quality scale	2
https://docs.onocoy.com/documentation/8.-faq-troubleshooting/frequently-asked-questions#what-happens-if-i-want-to-change-the-location-of-my-station-antenna-receiver	availability scale	2
https://docs.onocoy.com/documentation/8.-faq-troubleshooting/frequently-asked-questions#what-happens-if-i-want-to-change-the-location-of-my-station-antenna-receiver	streams	18
https://docs.onocoy.com/documentation/8.-faq-troubleshooting/frequently-asked-questions#my-credential-limit-is-reached.-how-can-i-add-another-station	team	1
https://docs.onocoy.com/documentation/8.-faq-troubleshooting/frequently-asked-questions#my-credential-limit-is-reached.-how-can-i-add-another-station	community	1
https://docs.onocoy.com/documentation/8.-faq-troubleshooting/frequently-asked-questions#my-credential-limit-is-reached.-how-can-i-add-another-station	burn	1
https://docs.onocoy.com/documentation/8.-faq-troubleshooting/frequently-asked-questions#my-credential-limit-is-reached.-how-can-i-add-another-station	wallet	6
https://docs.onocoy.com/documentation/8.-faq-troubleshooting/frequently-asked-questions#my-credential-limit-is-reached.-how-can-i-add-another-station	address	4
https://docs.onocoy.com/documentation/8.-faq-troubleshooting/frequently-asked-questions#my-credential-limit-is-reached.-how-can-i-add-another-station	governance	2
https://docs.onocoy.com/documentation/8.-faq-troubleshooting/frequently-asked-questions#my-credential-limit-is-reached.-how-can-i-add-another-station	location scale	8
https://docs.onocoy.com/documentation/8.-faq-troubleshooting/frequently-asked-questions#my-credential-limit-is-reached.-how-can-i-add-another-station	quality scale	2
https://docs.onocoy.com/documentation/8.-faq-troubleshooting/frequently-asked-questions#my-credential-limit-is-reached.-how-can-i-add-another-station	availability scale	2
https://docs.onocoy.com/documentation/8.-faq-troubleshooting/frequently-asked-questions#my-credential-limit-is-reached.-how-can-i-add-another-station	streams	18
https://docs.onocoy.com/documentation/8.-faq-troubleshooting/frequently-asked-questions#my-station-does-not-support-the-ntrip-server-function-but-ntrip-caster.-can-you-retrieve-the-streams	team	1
https://docs.onocoy.com/documentation/8.-faq-troubleshooting/frequently-asked-questions#my-station-does-not-support-the-ntrip-server-function-but-ntrip-caster.-can-you-retrieve-the-streams	community	1
https://docs.onocoy.com/documentation/8.-faq-troubleshooting/frequently-asked-questions#my-station-does-not-support-the-ntrip-server-function-but-ntrip-caster.-can-you-retrieve-the-streams	burn	1
https://docs.onocoy.com/documentation/8.-faq-troubleshooting/frequently-asked-questions#my-station-does-not-support-the-ntrip-server-function-but-ntrip-caster.-can-you-retrieve-the-streams	wallet	6
https://docs.onocoy.com/documentation/8.-faq-troubleshooting/frequently-asked-questions#my-station-does-not-support-the-ntrip-server-function-but-ntrip-caster.-can-you-retrieve-the-streams	address	4
https://docs.onocoy.com/documentation/8.-faq-troubleshooting/frequently-asked-questions#my-station-does-not-support-the-ntrip-server-function-but-ntrip-caster.-can-you-retrieve-the-streams	governance	2
https://docs.onocoy.com/documentation/8.-faq-troubleshooting/frequently-asked-questions#my-station-does-not-support-the-ntrip-server-function-but-ntrip-caster.-can-you-retrieve-the-streams	location scale	8
https://docs.onocoy.com/documentation/8.-faq-troubleshooting/frequently-asked-questions#my-station-does-not-support-the-ntrip-server-function-but-ntrip-caster.-can-you-retrieve-the-streams	quality scale	2
https://docs.onocoy.com/documentation/8.-faq-troubleshooting/frequently-asked-questions#my-station-does-not-support-the-ntrip-server-function-but-ntrip-caster.-can-you-retrieve-the-streams	availability scale	2
https://docs.onocoy.com/documentation/8.-faq-troubleshooting/frequently-asked-questions#my-station-does-not-support-the-ntrip-server-function-but-ntrip-caster.-can-you-retrieve-the-streams	streams	18
https://docs.onocoy.com/documentation/8.-faq-troubleshooting/frequently-asked-questions#what-ntrip-messages-need-to-be-enabled-on-my-gnss-reference-receivers-in-order-to-get-best-rewards	team	1
https://docs.onocoy.com/documentation/8.-faq-troubleshooting/frequently-asked-questions#what-ntrip-messages-need-to-be-enabled-on-my-gnss-reference-receivers-in-order-to-get-best-rewards	community	1
https://docs.onocoy.com/documentation/8.-faq-troubleshooting/frequently-asked-questions#what-ntrip-messages-need-to-be-enabled-on-my-gnss-reference-receivers-in-order-to-get-best-rewards	burn	1
https://docs.onocoy.com/documentation/8.-faq-troubleshooting/frequently-asked-questions#what-ntrip-messages-need-to-be-enabled-on-my-gnss-reference-receivers-in-order-to-get-best-rewards	wallet	6
https://docs.onocoy.com/documentation/8.-faq-troubleshooting/frequently-asked-questions#what-ntrip-messages-need-to-be-enabled-on-my-gnss-reference-receivers-in-order-to-get-best-rewards	address	4
https://docs.onocoy.com/documentation/8.-faq-troubleshooting/frequently-asked-questions#what-ntrip-messages-need-to-be-enabled-on-my-gnss-reference-receivers-in-order-to-get-best-rewards	governance	2
https://docs.onocoy.com/documentation/8.-faq-troubleshooting/frequently-asked-questions#what-ntrip-messages-need-to-be-enabled-on-my-gnss-reference-receivers-in-order-to-get-best-rewards	location scale	8
https://docs.onocoy.com/documentation/8.-faq-troubleshooting/frequently-asked-questions#what-ntrip-messages-need-to-be-enabled-on-my-gnss-reference-receivers-in-order-to-get-best-rewards	quality scale	2
https://docs.onocoy.com/documentation/8.-faq-troubleshooting/frequently-asked-questions#what-ntrip-messages-need-to-be-enabled-on-my-gnss-reference-receivers-in-order-to-get-best-rewards	availability scale	2
https://docs.onocoy.com/documentation/8.-faq-troubleshooting/frequently-asked-questions#what-ntrip-messages-need-to-be-enabled-on-my-gnss-reference-receivers-in-order-to-get-best-rewards	streams	18
https://docs.onocoy.com/documentation/8.-faq-troubleshooting/frequently-asked-questions#what-latency-is-tolerable-from-the-gnss-receiver-to-the-onocoy-system	team	1
https://docs.onocoy.com/documentation/8.-faq-troubleshooting/frequently-asked-questions#what-latency-is-tolerable-from-the-gnss-receiver-to-the-onocoy-system	community	1
https://docs.onocoy.com/documentation/8.-faq-troubleshooting/frequently-asked-questions#what-latency-is-tolerable-from-the-gnss-receiver-to-the-onocoy-system	burn	1
https://docs.onocoy.com/documentation/8.-faq-troubleshooting/frequently-asked-questions#what-latency-is-tolerable-from-the-gnss-receiver-to-the-onocoy-system	wallet	6
https://docs.onocoy.com/documentation/8.-faq-troubleshooting/frequently-asked-questions#what-latency-is-tolerable-from-the-gnss-receiver-to-the-onocoy-system	address	4
https://docs.onocoy.com/documentation/8.-faq-troubleshooting/frequently-asked-questions#what-latency-is-tolerable-from-the-gnss-receiver-to-the-onocoy-system	governance	2
https://docs.onocoy.com/documentation/8.-faq-troubleshooting/frequently-asked-questions#what-latency-is-tolerable-from-the-gnss-receiver-to-the-onocoy-system	location scale	8
https://docs.onocoy.com/documentation/8.-faq-troubleshooting/frequently-asked-questions#what-latency-is-tolerable-from-the-gnss-receiver-to-the-onocoy-system	quality scale	2
https://docs.onocoy.com/documentation/8.-faq-troubleshooting/frequently-asked-questions#what-latency-is-tolerable-from-the-gnss-receiver-to-the-onocoy-system	availability scale	2
https://docs.onocoy.com/documentation/8.-faq-troubleshooting/frequently-asked-questions#what-latency-is-tolerable-from-the-gnss-receiver-to-the-onocoy-system	streams	18
https://docs.onocoy.com/documentation/8.-faq-troubleshooting/frequently-asked-questions#how-does-onocoy-prevent-fraudulent-correction-streams	team	1
https://docs.onocoy.com/documentation/8.-faq-troubleshooting/frequently-asked-questions#how-does-onocoy-prevent-fraudulent-correction-streams	community	1
https://docs.onocoy.com/documentation/8.-faq-troubleshooting/frequently-asked-questions#how-does-onocoy-prevent-fraudulent-correction-streams	burn	1
https://docs.onocoy.com/documentation/8.-faq-troubleshooting/frequently-asked-questions#how-does-onocoy-prevent-fraudulent-correction-streams	wallet	6
https://docs.onocoy.com/documentation/8.-faq-troubleshooting/frequently-asked-questions#how-does-onocoy-prevent-fraudulent-correction-streams	address	4
https://docs.onocoy.com/documentation/8.-faq-troubleshooting/frequently-asked-questions#how-does-onocoy-prevent-fraudulent-correction-streams	governance	2
https://docs.onocoy.com/documentation/8.-faq-troubleshooting/frequently-asked-questions#how-does-onocoy-prevent-fraudulent-correction-streams	location scale	8
https://docs.onocoy.com/documentation/8.-faq-troubleshooting/frequently-asked-questions#how-does-onocoy-prevent-fraudulent-correction-streams	quality scale	2
https://docs.onocoy.com/documentation/8.-faq-troubleshooting/frequently-asked-questions#how-does-onocoy-prevent-fraudulent-correction-streams	availability scale	2
https://docs.onocoy.com/documentation/8.-faq-troubleshooting/frequently-asked-questions#how-does-onocoy-prevent-fraudulent-correction-streams	streams	18
https://docs.onocoy.com/documentation/8.-faq-troubleshooting/frequently-asked-questions#can-i-provide-data-from-a-3rd-party-service-such-as-public-networks-like-igs-or-other-publicly-or-pr	team	1
https://docs.onocoy.com/documentation/8.-faq-troubleshooting/frequently-asked-questions#can-i-provide-data-from-a-3rd-party-service-such-as-public-networks-like-igs-or-other-publicly-or-pr	community	1
https://docs.onocoy.com/documentation/8.-faq-troubleshooting/frequently-asked-questions#can-i-provide-data-from-a-3rd-party-service-such-as-public-networks-like-igs-or-other-publicly-or-pr	burn	1
https://docs.onocoy.com/documentation/8.-faq-troubleshooting/frequently-asked-questions#can-i-provide-data-from-a-3rd-party-service-such-as-public-networks-like-igs-or-other-publicly-or-pr	wallet	6
https://docs.onocoy.com/documentation/8.-faq-troubleshooting/frequently-asked-questions#can-i-provide-data-from-a-3rd-party-service-such-as-public-networks-like-igs-or-other-publicly-or-pr	address	4
https://docs.onocoy.com/documentation/8.-faq-troubleshooting/frequently-asked-questions#can-i-provide-data-from-a-3rd-party-service-such-as-public-networks-like-igs-or-other-publicly-or-pr	governance	2
https://docs.onocoy.com/documentation/8.-faq-troubleshooting/frequently-asked-questions#can-i-provide-data-from-a-3rd-party-service-such-as-public-networks-like-igs-or-other-publicly-or-pr	location scale	8
https://docs.onocoy.com/documentation/8.-faq-troubleshooting/frequently-asked-questions#can-i-provide-data-from-a-3rd-party-service-such-as-public-networks-like-igs-or-other-publicly-or-pr	quality scale	2
https://docs.onocoy.com/documentation/8.-faq-troubleshooting/frequently-asked-questions#can-i-provide-data-from-a-3rd-party-service-such-as-public-networks-like-igs-or-other-publicly-or-pr	availability scale	2
https://docs.onocoy.com/documentation/8.-faq-troubleshooting/frequently-asked-questions#can-i-provide-data-from-a-3rd-party-service-such-as-public-networks-like-igs-or-other-publicly-or-pr	streams	18
https://docs.onocoy.com/documentation/8.-faq-troubleshooting/frequently-asked-questions#my-station-frequently-disconnects.-what-can-i-do	team	1
https://docs.onocoy.com/documentation/8.-faq-troubleshooting/frequently-asked-questions#my-station-frequently-disconnects.-what-can-i-do	community	1
https://docs.onocoy.com/documentation/8.-faq-troubleshooting/frequently-asked-questions#my-station-frequently-disconnects.-what-can-i-do	burn	1
https://docs.onocoy.com/documentation/8.-faq-troubleshooting/frequently-asked-questions#my-station-frequently-disconnects.-what-can-i-do	wallet	6
https://docs.onocoy.com/documentation/8.-faq-troubleshooting/frequently-asked-questions#my-station-frequently-disconnects.-what-can-i-do	address	4
https://docs.onocoy.com/documentation/8.-faq-troubleshooting/frequently-asked-questions#my-station-frequently-disconnects.-what-can-i-do	governance	2
https://docs.onocoy.com/documentation/8.-faq-troubleshooting/frequently-asked-questions#my-station-frequently-disconnects.-what-can-i-do	location scale	8
https://docs.onocoy.com/documentation/8.-faq-troubleshooting/frequently-asked-questions#my-station-frequently-disconnects.-what-can-i-do	quality scale	2
https://docs.onocoy.com/documentation/8.-faq-troubleshooting/frequently-asked-questions#my-station-frequently-disconnects.-what-can-i-do	availability scale	2
https://docs.onocoy.com/documentation/8.-faq-troubleshooting/frequently-asked-questions#my-station-frequently-disconnects.-what-can-i-do	streams	18
https://docs.onocoy.com/documentation/8.-faq-troubleshooting/frequently-asked-questions#why-are-my-rewards-not-as-high-as-expected	team	1
https://docs.onocoy.com/documentation/8.-faq-troubleshooting/frequently-asked-questions#why-are-my-rewards-not-as-high-as-expected	community	1
https://docs.onocoy.com/documentation/8.-faq-troubleshooting/frequently-asked-questions#why-are-my-rewards-not-as-high-as-expected	burn	1
https://docs.onocoy.com/documentation/8.-faq-troubleshooting/frequently-asked-questions#why-are-my-rewards-not-as-high-as-expected	wallet	6
https://docs.onocoy.com/documentation/8.-faq-troubleshooting/frequently-asked-questions#why-are-my-rewards-not-as-high-as-expected	address	4
https://docs.onocoy.com/documentation/8.-faq-troubleshooting/frequently-asked-questions#why-are-my-rewards-not-as-high-as-expected	governance	2
https://docs.onocoy.com/documentation/8.-faq-troubleshooting/frequently-asked-questions#why-are-my-rewards-not-as-high-as-expected	location scale	8
https://docs.onocoy.com/documentation/8.-faq-troubleshooting/frequently-asked-questions#why-are-my-rewards-not-as-high-as-expected	quality scale	2
https://docs.onocoy.com/documentation/8.-faq-troubleshooting/frequently-asked-questions#why-are-my-rewards-not-as-high-as-expected	availability scale	2
https://docs.onocoy.com/documentation/8.-faq-troubleshooting/frequently-asked-questions#why-are-my-rewards-not-as-high-as-expected	streams	18
https://docs.onocoy.com/documentation/8.-faq-troubleshooting/frequently-asked-questions#my-wallet-is-not-connecting.-what-can-i-do	team	1
https://docs.onocoy.com/documentation/8.-faq-troubleshooting/frequently-asked-questions#my-wallet-is-not-connecting.-what-can-i-do	community	1
https://docs.onocoy.com/documentation/8.-faq-troubleshooting/frequently-asked-questions#my-wallet-is-not-connecting.-what-can-i-do	burn	1
https://docs.onocoy.com/documentation/8.-faq-troubleshooting/frequently-asked-questions#my-wallet-is-not-connecting.-what-can-i-do	wallet	6
https://docs.onocoy.com/documentation/8.-faq-troubleshooting/frequently-asked-questions#my-wallet-is-not-connecting.-what-can-i-do	address	4
https://docs.onocoy.com/documentation/8.-faq-troubleshooting/frequently-asked-questions#my-wallet-is-not-connecting.-what-can-i-do	governance	2
https://docs.onocoy.com/documentation/8.-faq-troubleshooting/frequently-asked-questions#my-wallet-is-not-connecting.-what-can-i-do	location scale	8
https://docs.onocoy.com/documentation/8.-faq-troubleshooting/frequently-asked-questions#my-wallet-is-not-connecting.-what-can-i-do	quality scale	2
https://docs.onocoy.com/documentation/8.-faq-troubleshooting/frequently-asked-questions#my-wallet-is-not-connecting.-what-can-i-do	availability scale	2
https://docs.onocoy.com/documentation/8.-faq-troubleshooting/frequently-asked-questions#my-wallet-is-not-connecting.-what-can-i-do	streams	18
https://docs.onocoy.com/documentation/8.-faq-troubleshooting/frequently-asked-questions#how-is-the-location-scale-calculated	team	1
https://docs.onocoy.com/documentation/8.-faq-troubleshooting/frequently-asked-questions#how-is-the-location-scale-calculated	community	1
https://docs.onocoy.com/documentation/8.-faq-troubleshooting/frequently-asked-questions#how-is-the-location-scale-calculated	burn	1
https://docs.onocoy.com/documentation/8.-faq-troubleshooting/frequently-asked-questions#how-is-the-location-scale-calculated	wallet	6
https://docs.onocoy.com/documentation/8.-faq-troubleshooting/frequently-asked-questions#how-is-the-location-scale-calculated	address	4
https://docs.onocoy.com/documentation/8.-faq-troubleshooting/frequently-asked-questions#how-is-the-location-scale-calculated	governance	2
https://docs.onocoy.com/documentation/8.-faq-troubleshooting/frequently-asked-questions#how-is-the-location-scale-calculated	location scale	8
https://docs.onocoy.com/documentation/8.-faq-troubleshooting/frequently-asked-questions#how-is-the-location-scale-calculated	quality scale	2
https://docs.onocoy.com/documentation/8.-faq-troubleshooting/frequently-asked-questions#how-is-the-location-scale-calculated	availability scale	2
https://docs.onocoy.com/documentation/8.-faq-troubleshooting/frequently-asked-questions#how-is-the-location-scale-calculated	streams	18
https://docs.onocoy.com/documentation/8.-faq-troubleshooting/frequently-asked-questions#how-much-will-i-earn-streaming-rtk-correction-data-to-onocoy	team	1
https://docs.onocoy.com/documentation/8.-faq-troubleshooting/frequently-asked-questions#how-much-will-i-earn-streaming-rtk-correction-data-to-onocoy	community	1
https://docs.onocoy.com/documentation/8.-faq-troubleshooting/frequently-asked-questions#how-much-will-i-earn-streaming-rtk-correction-data-to-onocoy	burn	1
https://docs.onocoy.com/documentation/8.-faq-troubleshooting/frequently-asked-questions#how-much-will-i-earn-streaming-rtk-correction-data-to-onocoy	wallet	6
https://docs.onocoy.com/documentation/8.-faq-troubleshooting/frequently-asked-questions#how-much-will-i-earn-streaming-rtk-correction-data-to-onocoy	address	4
https://docs.onocoy.com/documentation/8.-faq-troubleshooting/frequently-asked-questions#how-much-will-i-earn-streaming-rtk-correction-data-to-onocoy	governance	2
https://docs.onocoy.com/documentation/8.-faq-troubleshooting/frequently-asked-questions#how-much-will-i-earn-streaming-rtk-correction-data-to-onocoy	location scale	8
https://docs.onocoy.com/documentation/8.-faq-troubleshooting/frequently-asked-questions#how-much-will-i-earn-streaming-rtk-correction-data-to-onocoy	quality scale	2
https://docs.onocoy.com/documentation/8.-faq-troubleshooting/frequently-asked-questions#how-much-will-i-earn-streaming-rtk-correction-data-to-onocoy	availability scale	2
https://docs.onocoy.com/documentation/8.-faq-troubleshooting/frequently-asked-questions#how-much-will-i-earn-streaming-rtk-correction-data-to-onocoy	streams	18
https://docs.onocoy.com/documentation/8.-faq-troubleshooting/frequently-asked-questions#why-does-onocoy-use-blockchain-technology	team	1
https://docs.onocoy.com/documentation/8.-faq-troubleshooting/frequently-asked-questions#why-does-onocoy-use-blockchain-technology	community	1
https://docs.onocoy.com/documentation/8.-faq-troubleshooting/frequently-asked-questions#why-does-onocoy-use-blockchain-technology	burn	1
https://docs.onocoy.com/documentation/8.-faq-troubleshooting/frequently-asked-questions#why-does-onocoy-use-blockchain-technology	wallet	6
https://docs.onocoy.com/documentation/8.-faq-troubleshooting/frequently-asked-questions#why-does-onocoy-use-blockchain-technology	address	4
https://docs.onocoy.com/documentation/8.-faq-troubleshooting/frequently-asked-questions#why-does-onocoy-use-blockchain-technology	governance	2
https://docs.onocoy.com/documentation/8.-faq-troubleshooting/frequently-asked-questions#why-does-onocoy-use-blockchain-technology	location scale	8
https://docs.onocoy.com/documentation/8.-faq-troubleshooting/frequently-asked-questions#why-does-onocoy-use-blockchain-technology	quality scale	2
https://docs.onocoy.com/documentation/8.-faq-troubleshooting/frequently-asked-questions#why-does-onocoy-use-blockchain-technology	availability scale	2
https://docs.onocoy.com/documentation/8.-faq-troubleshooting/frequently-asked-questions#why-does-onocoy-use-blockchain-technology	streams	18
https://docs.onocoy.com/documentation/8.-faq-troubleshooting/frequently-asked-questions#if-the-rewards-received-from-miners-are-immediately-exchanged-for-fiat-the-token-price-must-drop.-ho	team	1
https://docs.onocoy.com/documentation/8.-faq-troubleshooting/frequently-asked-questions#if-the-rewards-received-from-miners-are-immediately-exchanged-for-fiat-the-token-price-must-drop.-ho	community	1
https://docs.onocoy.com/documentation/8.-faq-troubleshooting/frequently-asked-questions#if-the-rewards-received-from-miners-are-immediately-exchanged-for-fiat-the-token-price-must-drop.-ho	burn	1
https://docs.onocoy.com/documentation/8.-faq-troubleshooting/frequently-asked-questions#if-the-rewards-received-from-miners-are-immediately-exchanged-for-fiat-the-token-price-must-drop.-ho	wallet	6
https://docs.onocoy.com/documentation/8.-faq-troubleshooting/frequently-asked-questions#if-the-rewards-received-from-miners-are-immediately-exchanged-for-fiat-the-token-price-must-drop.-ho	address	4
https://docs.onocoy.com/documentation/8.-faq-troubleshooting/frequently-asked-questions#if-the-rewards-received-from-miners-are-immediately-exchanged-for-fiat-the-token-price-must-drop.-ho	governance	2
https://docs.onocoy.com/documentation/8.-faq-troubleshooting/frequently-asked-questions#if-the-rewards-received-from-miners-are-immediately-exchanged-for-fiat-the-token-price-must-drop.-ho	location scale	8
https://docs.onocoy.com/documentation/8.-faq-troubleshooting/frequently-asked-questions#if-the-rewards-received-from-miners-are-immediately-exchanged-for-fiat-the-token-price-must-drop.-ho	quality scale	2
https://docs.onocoy.com/documentation/8.-faq-troubleshooting/frequently-asked-questions#if-the-rewards-received-from-miners-are-immediately-exchanged-for-fiat-the-token-price-must-drop.-ho	availability scale	2
https://docs.onocoy.com/documentation/8.-faq-troubleshooting/frequently-asked-questions#if-the-rewards-received-from-miners-are-immediately-exchanged-for-fiat-the-token-price-must-drop.-ho	streams	18
https://docs.onocoy.com/documentation/8.-faq-troubleshooting/frequently-asked-questions#how-do-i-claim-my-rewards	team	1
https://docs.onocoy.com/documentation/8.-faq-troubleshooting/frequently-asked-questions#how-do-i-claim-my-rewards	community	1
https://docs.onocoy.com/documentation/8.-faq-troubleshooting/frequently-asked-questions#how-do-i-claim-my-rewards	burn	1
https://docs.onocoy.com/documentation/8.-faq-troubleshooting/frequently-asked-questions#how-do-i-claim-my-rewards	wallet	6
https://docs.onocoy.com/documentation/8.-faq-troubleshooting/frequently-asked-questions#how-do-i-claim-my-rewards	address	4
https://docs.onocoy.com/documentation/8.-faq-troubleshooting/frequently-asked-questions#how-do-i-claim-my-rewards	governance	2
https://docs.onocoy.com/documentation/8.-faq-troubleshooting/frequently-asked-questions#how-do-i-claim-my-rewards	location scale	8
https://docs.onocoy.com/documentation/8.-faq-troubleshooting/frequently-asked-questions#how-do-i-claim-my-rewards	quality scale	2
https://docs.onocoy.com/documentation/8.-faq-troubleshooting/frequently-asked-questions#how-do-i-claim-my-rewards	availability scale	2
https://docs.onocoy.com/documentation/8.-faq-troubleshooting/frequently-asked-questions#how-do-i-claim-my-rewards	streams	18
https://docs.onocoy.com/documentation/8.-faq-troubleshooting/frequently-asked-questions#the-position-provided-by-my-onocoy-enabled-rtk-rover-doesnt-match-my-expectation-there-is-a-shift-in	team	1
https://docs.onocoy.com/documentation/8.-faq-troubleshooting/frequently-asked-questions#the-position-provided-by-my-onocoy-enabled-rtk-rover-doesnt-match-my-expectation-there-is-a-shift-in	community	1
https://docs.onocoy.com/documentation/8.-faq-troubleshooting/frequently-asked-questions#the-position-provided-by-my-onocoy-enabled-rtk-rover-doesnt-match-my-expectation-there-is-a-shift-in	burn	1
https://docs.onocoy.com/documentation/8.-faq-troubleshooting/frequently-asked-questions#the-position-provided-by-my-onocoy-enabled-rtk-rover-doesnt-match-my-expectation-there-is-a-shift-in	wallet	6
https://docs.onocoy.com/documentation/8.-faq-troubleshooting/frequently-asked-questions#the-position-provided-by-my-onocoy-enabled-rtk-rover-doesnt-match-my-expectation-there-is-a-shift-in	address	4
https://docs.onocoy.com/documentation/8.-faq-troubleshooting/frequently-asked-questions#the-position-provided-by-my-onocoy-enabled-rtk-rover-doesnt-match-my-expectation-there-is-a-shift-in	governance	2
https://docs.onocoy.com/documentation/8.-faq-troubleshooting/frequently-asked-questions#the-position-provided-by-my-onocoy-enabled-rtk-rover-doesnt-match-my-expectation-there-is-a-shift-in	location scale	8
https://docs.onocoy.com/documentation/8.-faq-troubleshooting/frequently-asked-questions#the-position-provided-by-my-onocoy-enabled-rtk-rover-doesnt-match-my-expectation-there-is-a-shift-in	quality scale	2
https://docs.onocoy.com/documentation/8.-faq-troubleshooting/frequently-asked-questions#the-position-provided-by-my-onocoy-enabled-rtk-rover-doesnt-match-my-expectation-there-is-a-shift-in	availability scale	2
https://docs.onocoy.com/documentation/8.-faq-troubleshooting/frequently-asked-questions#the-position-provided-by-my-onocoy-enabled-rtk-rover-doesnt-match-my-expectation-there-is-a-shift-in	streams	18
https://docs.onocoy.com/documentation/3.-become-a-miner/4.-receive-rewards#connect-your-wallet	community	1
https://docs.onocoy.com/documentation/3.-become-a-miner/4.-receive-rewards#connect-your-wallet	wallet	18
https://docs.onocoy.com/documentation/3.-become-a-miner/4.-receive-rewards#connect-your-wallet	governance	1
https://docs.onocoy.com/documentation/3.-become-a-miner/4.-receive-rewards#claim-rewards	community	1
https://docs.onocoy.com/documentation/3.-become-a-miner/4.-receive-rewards#claim-rewards	wallet	18
https://docs.onocoy.com/documentation/3.-become-a-miner/4.-receive-rewards#claim-rewards	governance	1
